	ablated-3	average
Shuffled : 0	0.8680000000000007	1.0
Shuffled : 100	0.7570000000000006	0.653125
Shuffled : 500	0.5790000000000004	0.096875
Shuffled : 900	0.5480000000000004	0.0
